"","scale","PVEself","PVEnei","p_val","total"
"1",0,0.296144058713728,0,0.0271980884852332,0.296144058713728
"2",1,0.159041636283967,0.30008017819451,0.0161931023952108,0.459121814478477
"3",1.4242135623731,0.146710763373138,0.30982193031052,0.0461223331696013,0.456532693683658
"4",2,0.0739551355552109,0.432626833103237,0.0602036456007047,0.506581968658448
"5",2.83842712474619,0.0300026403524055,0.483029980984755,0.086322805861188,0.51303262133716
"6",3,2.50333380623047e-07,0.512522995902475,0.123085293262893,0.512523246235855
"7",4,2.47661590086202e-07,0.512631037712244,0.0946942059254843,0.512631285373834
"8",4.25264068711928,0.133638544360837,0.267618465749955,0.527542169788373,0.401257010110792
