"","scale","PVEself","PVEnei","p_val","total"
"1",0,0.323613525704382,0,0.0297991485394789,0.323613525704382
"2",1,0.148253799664886,0.332647149269496,0.00831467524153027,0.480900948934382
"3",1.4242135623731,0.12155082460224,0.384777053307471,0.0125059484136237,0.50632787790971
"4",2,0.0225290217056971,0.533959200195606,0.0111851619232145,0.556488221901303
"5",2.83842712474619,2.23192551387234e-07,0.564675383067553,0.0109424055847773,0.564675606260104
"6",3,2.23302664648174e-07,0.559503447485294,0.0177196679444816,0.559503670787959
"7",4,2.18405061785062e-07,0.56578845853501,0.0205938630969762,0.565788676940072
"8",4.25264068711928,2.37016789952902e-07,0.511694661270418,0.144686217304903,0.511694898287208
