"","scale","PVEself","PVEnei","p_val","total"
"1",0,0.588217752617537,0,9.59545521545575e-05,0.588217752617537
"2",1,0.087345994468856,0.69547727049033,3.7227426820356e-08,0.782823264959186
"3",1.4242135623731,0.135318974349683,0.548310108590723,9.77068534877612e-05,0.683629082940406
"4",2,0.0788684976584452,0.676380847034928,2.68156887491245e-05,0.755249344693373
"5",2.83842712474619,0.154134077693007,0.525675949227652,0.00678859095976145,0.679810026920659
"6",3,0.0679866296028363,0.637720592695947,0.00239792793099968,0.705707222298784
"7",4,1.02664984677415e-07,0.736524258048236,0.00136417037698354,0.73652436071322
"8",4.25264068711928,1.01862737043576e-07,0.736939565880911,0.0028284456940612,0.736939667743648
