"","scale","PVEself","PVEnei","p_val","total"
"1",0,0.227895195476096,0,0.0878872041571717,0.227895195476096
"2",1,0.131826917071468,0.241807274649917,0.0982155140605097,0.373634191721385
"3",1.4242135623731,0.0805305454936695,0.346604523471151,0.0366614686733627,0.427135068964821
"4",2,5.18853598774411e-07,0.53124510498241,0.0084404515677187,0.531245623836008
"5",2.83842712474619,0.00630059847763573,0.419200996319181,0.12899905590374,0.425501594796817
"6",3,5.70020445776347e-07,0.449963139648791,0.153909032774142,0.449963709669236
"7",4,0.00681699997859015,0.361818130001253,0.429323123152421,0.368635129979843
"8",4.25264068711928,0.0146785388482227,0.340156627241314,0.521742787124719,0.354835166089537
