"","scale","PVEself","PVEnei","p_val","total"
"1",0,0.265150295474633,0,0.0121746213870493,0.265150295474633
"2",1,0.162417261291479,0.212956944094656,0.1093338666101,0.375374205386135
"3",1.4242135623731,0.0959105609853454,0.361574680175072,0.0149043988901964,0.457485241160417
"4",2,5.14204978293994e-07,0.547129132525722,0.0026184959166546,0.547129646730701
"5",2.83842712474619,5.52914373392757e-07,0.477570426283365,0.0429853170495894,0.477570979197739
"6",3,5.21990032740821e-07,0.513305198505393,0.0338943684984192,0.513305720495426
"7",4,5.68792346986042e-07,0.445329615957866,0.123958944768786,0.445330184750213
"8",4.25264068711928,5.71557750901942e-07,0.439848447546372,0.158650575883261,0.439849019104123
