"","scale","PVEself","PVEnei","p_val","total"
"1",0,0.365739650898331,0,0.0251655079632102,0.365739650898331
"2",1,0.186585920098992,0.324180808705787,0.0171247680669432,0.510766728804779
"3",1.4242135623731,0.175187958489083,0.333557113229165,0.0447275764278722,0.508745071718248
"4",2,0.0909256495426358,0.462464550082814,0.0531003766873868,0.553390199625449
"5",2.83842712474619,0.0440874323973716,0.509901494692978,0.0800404673383284,0.55398892709035
"6",3,2.27697667630487e-07,0.557308993108081,0.102845874681633,0.557309220805748
"7",4,2.24943856124238e-07,0.558896158692375,0.0843536917606974,0.558896383636231
"8",4.25264068711928,0.146690805262554,0.322023789348926,0.457433162334438,0.46871459461148
