"","scale","PVEself","PVEnei","p_val","total"
"1",0,0.335530618336476,0,0.0105865452084152,0.335530618336476
"2",1,0.194867050222628,0.248827313190621,0.0947131863191812,0.443694363413249
"3",1.4242135623731,0.113358709353939,0.40145731528497,0.0136894630505338,0.514816024638909
"4",2,4.5833420878609e-07,0.598666040542011,0.00160355916007621,0.59866649887622
"5",2.83842712474619,5.06335730375474e-07,0.522061802762764,0.0423599445382781,0.522062309098494
"6",3,4.71435997655896e-07,0.562617307459184,0.029296369319755,0.562617778895182
"7",4,5.14696899561047e-07,0.502116806338438,0.1072022420469,0.502117321035338
"8",4.25264068711928,5.18801582239277e-07,0.495328739646513,0.1449219772491,0.495329258448096
