"","scale","PVEself","PVEnei","p_val","total"
"1",0,0.511044482028929,0,0.000156491192174828,0.511044482028929
"2",1,0.0693865878780782,0.665956294605707,1.66987695563099e-07,0.735342882483785
"3",1.4242135623731,0.106376599006327,0.522729704205611,0.000252340297355526,0.629106303211938
"4",2,0.0474499185163732,0.663774693775766,8.64709349837321e-05,0.711224612292139
"5",2.83842712474619,0.124019734732647,0.511206568911094,0.0146538376498363,0.63522630364374
"6",3,0.0327914696260501,0.635872882557772,0.00434477664881529,0.668664352183822
"7",4,1.14756113127603e-07,0.704531337029828,0.00227365597684501,0.704531451785942
"8",4.25264068711928,1.14150860436951e-07,0.703655767860743,0.00499056830346988,0.703655882011603
