"","scale","PVEself","PVEnei","p_val","total"
"1",0,0.510049611932653,0,0.0001123801184683,0.510049611932653
"2",1,0.0754690077447976,0.661048532591361,5.41814656231808e-08,0.736517540336159
"3",1.4242135623731,0.120898098390373,0.503119349249677,0.000123863135819316,0.62401744764005
"4",2,0.0804483178486833,0.616591977281796,5.89284165538423e-05,0.69704029513048
"5",2.83842712474619,0.132607502299695,0.489703146793611,0.00720908602808046,0.622310649093306
"6",3,0.0623850026272815,0.589983583693727,0.00270416481075685,0.652368586321009
"7",4,1.19442664116409e-07,0.687500710869403,0.00174887144197583,0.687500830312068
"8",4.25264068711928,1.18668501967164e-07,0.687226175356003,0.00356081776136116,0.687226294024505
